epoch,train_loss(total)
1,2.2883611756563185
2,2.5267253547906874
3,2.825535904765129
4,2.959578456878662
5,2.780391664505005
6,2.645478619933128
7,2.4401618820428848
8,2.307497959733009
9,2.243532565832138
10,2.2118712276220323
11,2.183992379307747
12,2.1867754900455476
13,2.1874196964502333
14,2.1972397392988205
15,2.221697758436203
16,2.243269919157028
17,2.2444776302576064
18,2.241766657233238
19,2.248427011370659
20,2.2345408606529236
