epoch,train_loss(total)
1,2.144031130075455
2,1.9235465413331985
