epoch,train_loss(total),test_loss(average),test_accuracy(average)
1,2.1725825527881053,1.8684776639938354,0.6382
2,1.2087731015254208,0.7167226856946946,0.8314
3,0.6084100656251007,0.46787285566329956,0.8754
4,0.4624187272715759,0.38497911147773267,0.8932
5,0.39639256848220494,0.3441250285506248,0.9015
