epoch,train_loss(total),test_loss(average),test_accuracy(average)
1,2.3025619618089523,2.302547369003296,0.0992
2,2.3025451245070516,2.3025234484672548,0.1007
