epoch,train_loss(total),test_loss(average),test_accuracy(average)
1,2.3034555807709696,2.302987141609192,0.1091
2,2.303183673818906,2.302800543308258,0.1108
