epoch,train_loss(total),test_loss(average),test_accuracy(average)
1,2.3028076376686704,2.301710822582245,0.12
2,2.3013427116135334,2.30024941444397,0.1315
