epoch,train_loss(total),test_loss(average),test_accuracy(average)
1,2.276767356754112,2.2315186047554016,0.3171
2,2.1903532953785936,2.1451227474212646,0.5267
