epoch,train_loss(total),test_loss(average),test_accuracy(average)
1,2.303083031376203,2.3028116154670717,0.0753
2,2.3027946844697,2.302788727283478,0.0758
