epoch,train_loss(total),test_loss(average),test_accuracy(average)
1,2.2952046263015875,2.290951189994812,0.1398
2,2.2839996733907926,2.2797942423820494,0.1656
