epoch,train_loss(total),test_loss(average),test_accuracy(average)
1,2.3024223335718705,2.3013737416267395,0.1149
2,2.300527521614301,2.2999207901954652,0.1217
