epoch,train_loss(total),test_loss(average),test_accuracy(average)
1,2.302831543514789,2.3026552748680116,0.0801
2,2.3025489898430087,2.3024752020835875,0.0859
