epoch,train_loss(total),test_loss(average),test_accuracy(average)
1,2.297054739649108,2.291307532787323,0.1768
2,2.2857821849363447,2.279840340614319,0.2564
