epoch,train_loss(total),test_loss(average),test_accuracy(average)
1,2.3026631656102836,2.302438249588013,0.0893
2,2.30240885540843,2.3024347949028017,0.0891
