epoch,train_loss(total),test_loss(average),test_accuracy(average)
1,2.3008615518609683,2.299981575012207,0.1836
2,2.298825670282046,2.297661168575287,0.2343
3,2.2965340887506804,2.295262541770935,0.3064
4,2.294121348361174,2.2927323031425475,0.3672
5,2.2915819262464843,2.2900228333473205,0.4306
6,2.2888329322139422,2.28709725856781,0.5076
7,2.2858166938026745,2.2838866257667543,0.5579
