epoch,train_loss(total),test_loss(average),test_accuracy(average)
1,0.5581743085023129,2.3008277344703676,0.1252
2,0.5570340752601624,2.2968733739852905,0.1708
3,0.555928629004594,2.292882270812988,0.2362
4,0.5548680668527429,2.288894648551941,0.2795
5,0.5536595768097675,2.2848307943344115,0.2948
6,0.5526335099429796,2.280650761127472,0.3045
