epoch,batch,iteration,global_gradient_norm(average)
1,1,1,0.795877791850514
1,2,2,0.8922023062765896
1,3,3,1.2443135631914104
1,4,4,1.7274415188898107
1,5,5,3.367173880155543
1,6,6,2.876777689544798
1,7,7,1.0809583188221032
1,8,8,0.5788072195588587
1,9,9,0.4599099540509813
1,10,10,0.39683087293046837
1,11,11,0.3726947075371076
1,12,12,0.3764499784030896
