epoch,batch,iteration,global_gradient_norm(average)
1,1,1,0.859010740205562
1,2,2,0.9508149004755722
1,3,3,1.046678911579432
1,4,4,1.2248584207064739
