epoch,train_loss(total),test_loss(average),test_accuracy(average)
1,0.8910590097639296,2.3015419006347657,0.0861
2,0.8943884801864623,2.3009805202484133,0.1073
3,0.8945135333802967,2.300385103225708,0.1343
4,0.8942698828379313,2.2997584438323972,0.165
5,0.8940797355439928,2.299121451377869,0.1945
