epoch,train_loss(total),test_loss(average),test_accuracy(average)
1,0.7827254131887899,2.2938599252700804,0.1043
2,14.60008964077993,2.1776575446128845,0.2607
3,,,0.098
4,,,0.098
5,,,0.098
6,,,0.098
7,,,0.098
8,,,0.098
9,,,0.098
10,,,0.098
11,,,0.098
12,,,0.098
13,,,0.098
14,,,0.098
15,,,0.098
