epoch,train_loss(total),test_loss(average),test_accuracy(average)
1,0.819077161273786,2.3018582582473757,0.1128
2,0.8218054904469422,2.301448571681976,0.1179
3,0.8216655451272216,2.301026179790497,0.1224
4,0.8214574402996472,2.3006018877029417,0.1246
5,0.8212855107017926,2.300180048942566,0.127
6,0.8211093693971634,2.2997558951377868,0.1278
7,0.8209495714732579,2.2993333411216734,0.1313
