grad_norm,avg_grad_norm
0.009633788159893205,0.0019040575716644526
0.0008745841235698512,0.00020843320817220956
0.0005424509351238763,0.0001460511703044176
0.00045821128029880737,0.00013653845235239714
0.00044133029465835233,0.00013716175453737378
0.0004416322990437038,0.0001366534997941926
0.0004371890645415988,0.00014354870654642582
0.0004308708533547663,0.00014035863569006324
0.0004241818072235522,0.00013506851973943412
0.0004323351640778128,0.0001371026155538857
0.0004254157502145972,0.00013534633035305887
0.00043632261804305017,0.00013897125609219074
0.00044382969523818855,0.000138799223350361
0.0004349719420133624,0.0001365545904263854
0.00042997964919777587,0.00013798094005323946
0.0004374203866367073,0.00013692972424905747
0.00042857054965376545,0.00013920431956648827
0.00044216249443707056,0.00013935072638560086
0.00044163070439632673,0.0001368973171338439
0.0004304449624517777,0.0001388875680277124
0.0004292804466482873,0.0001409526012139395
0.0004266016682474098,0.00014039395318832248
0.0004478492689183137,0.00014107979950495064
0.0004471617018377098,0.0001440624619135633
0.00044569919555215165,0.00014453998301178217
0.000439118030044483,0.00014263828052207828
0.0004372387690333805,0.00014155761164147407
0.000442633328930242,0.00014454771007876843
0.0004386839209473692,0.0001419598702341318
0.00044461293752344017,0.00013844919158145785
0.0004402015147206839,0.00013568892609328032
0.0004244447094000255,0.0001377491862513125
0.0004334971733139052,0.00014462893886957318
0.00043755518830342527,0.0001390111428918317
0.00044699675224061747,0.00014264893252402544
0.0004332063751159391,0.00013950164429843426
0.0004321608660878458,0.00013939446944277734
0.00043629500457124476,0.00013833396951667964
0.000446367392820927,0.00013892205606680363
0.00043904243769551005,0.00013902405044063926
0.0004309540878845534,0.00014696067955810577
0.00043816055161490414,0.00014374357124324888
0.0004441766262364884,0.00014540072879754007
0.0004296230714923392,0.00013935111928731203
0.0004445434957839704,0.00014549597108270973
0.0004341507568218124,0.0001393870625179261
0.00043584353625192307,0.00014152569929137826
0.00044194600680687773,0.00014250268577598035
0.00044278166387812234,0.00014389748685061932
0.0004452366993064061,0.00014563645527232438
0.00043766300708133105,0.00014095674850977957
0.0004514636918126295,0.00014455484051723033
0.0004393236692218731,0.0001424797810614109
0.00045078897407317225,0.00014627250493504107
0.00044541115009148297,0.00015160316252149642
