epoch,train_loss(total),test_loss(average),test_accuracy(average)
1,0.725462945406897,2.300898370742798,0.1198
2,0.7263666804422413,2.299399619102478,0.1679
3,0.7258878496655248,2.2978817081451415,0.227
4,0.7253367012007195,2.296347267627716,0.2832
5,0.7248031606799678,2.2947764444351195,0.3322
6,0.7242985650112754,2.2932122683525087,0.3721
7,0.7237825702156937,2.2916382193565368,0.4084
8,0.7232505020342375,2.2900259590148924,0.4342
9,0.7226418847577613,2.2883704495429993,0.452
